,A,B,C,D
2000-01-01,0.28424837994376584,-0.36515411698034944,-0.9481127465098327,0.070612832999777
2000-01-02,3.291331895260633,-1.3580410325893937,-1.7869966317623789,0.2172769037787864
2000-01-03,6.643827704233207,-2.432538200297368,-4.026055730971624,1.3535488188687275
2000-01-04,9.574119462361175,-2.6176856729462576,-5.227246276483731,2.73979542033588
2000-01-05,13.81893386444354,-2.4736752605475605,-6.063528275941859,4.753267515264095
2000-01-06,17.201147900935197,-3.6459640768986237,-7.576456453901992,5.359923177920802
2000-01-07,21.6345901049504,-6.842711742990765,-7.635006950930679,6.798207229637073
2000-01-08,25.230037646030553,-9.8180376649509,-9.57368492424765,6.944857241371271
2000-01-09,29.12902966456666,-13.483256722206121,-11.475333796999958,8.175833241660058
2000-01-10,35.69941566196333,-17.267124430438365,-14.8343971763118,8.500543137328814
2000-01-11,41.8354975691298,-20.519329244912342,-19.780749964823457,10.227152900468223
2000-01-12,48.05026152838766,-24.822325582785503,-23.419937766935377,10.874682283558158
2000-01-13,54.659133174555556,-30.34172057619563,-29.099460285343802,9.330203223804892
2000-01-14,62.82038548047319,-34.75027420350874,-35.34412438052325,7.720444980710817
2000-01-15,71.36714498442147,-37.75957728952788,-40.595513228256195,6.459377253927103
2000-01-16,79.04433933013087,-41.990764377407714,-46.241184322819386,7.149670624608213
2000-01-17,86.3255629445373,-46.38539942623389,-50.52145061782353,9.72082449431765
2000-01-18,94.27245502239103,-50.150732233391096,-53.44408152436774,12.8871672226851
2000-01-19,102.10492743881265,-53.486496587749734,-55.86973089728694,15.34405103658613
2000-01-20,110.25640757257028,-57.048967049307564,-60.32132363043867,18.013414849562853
2000-01-21,118.24380420333802,-61.38107398594514,-65.23543375677752,20.852173586368117
2000-01-22,126.92303517978726,-65.45999911552471,-70.75620262869501,22.82232223141647
2000-01-23,135.50037811782377,-72.18947445169422,-76.29257684461243,24.023472401741692
2000-01-24,144.99114016607155,-78.30730878022278,-81.25725457752976,24.645724326667928
2000-01-25,154.79990360689607,-84.01687597307226,-86.34484302601908,25.49637959560823
2000-01-26,163.34021094060603,-89.42301161978742,-90.55004478077576,26.712185978752956
2000-01-27,171.6716148230975,-95.04260226315448,-95.42755372947926,29.517758924839228
2000-01-28,179.6820477784417,-99.78401573645323,-100.2605126418404,31.95785381114125
2000-01-29,186.69073876414384,-104.24449917073817,-104.56416558166542,32.89651458953924
2000-01-30,195.65045583920988,-110.16761771320289,-108.60247125081229,33.61079266105618
2000-01-31,206.35064261164695,-114.45579178501647,-111.67339114999247,35.732363668515625
2000-02-01,217.70308981029157,-119.13011022189258,-114.00855638701952,38.68184881683743
2000-02-02,227.9634234886095,-123.65053991953808,-115.76290746780506,41.82505502874527
2000-02-03,237.62250379034657,-129.86247163568063,-118.33370221538247,43.530897697867225
2000-02-04,247.3008128896007,-135.72545772207448,-121.24969089522656,45.187218482880176
2000-02-05,257.84790259797603,-141.36611693002936,-124.03104866219425,48.41349603265861
2000-02-06,267.73420965843513,-148.28180604202254,-126.55168727354786,51.038063384454354
2000-02-07,277.5130468052395,-155.24290490456812,-127.6716542693521,55.41221336262964
2000-02-08,286.4102806199214,-160.98548042022475,-129.98542663690378,60.01457895287009
2000-02-09,295.2806311907077,-167.1263187652343,-131.718083656892,64.41414573530334
2000-02-10,305.06262189396836,-174.21674645645717,-133.44490400784022,69.12769336229364
2000-02-11,316.4196446907972,-181.0337277338862,-135.8074017630773,74.30653978954979
2000-02-12,327.8277212797019,-189.3359164182713,-140.44874179626441,79.28420712092449
2000-02-13,338.8729585985845,-198.6838635184795,-144.59501678126745,84.26965541458354
2000-02-14,350.4588036309291,-208.43107169019046,-150.04235852715715,91.10112150796387
2000-02-15,362.19590975963627,-218.693797511595,-155.39620612682765,99.86406850591484
2000-02-16,375.6026032935446,-228.7694681373432,-162.04400003529335,107.64779397619485
2000-02-17,388.20409016141554,-242.34531460493963,-169.68965440130876,116.49353340653629
2000-02-18,401.9889636130085,-255.9169236701678,-176.9565059777183,126.8521911675368
2000-02-19,414.7356405771201,-270.1525857842164,-185.74334375424684,138.52678979846027
2000-02-20,425.63269975302103,-284.6033044430276,-193.70876685597875,150.86020590080852
2000-02-21,435.31713076670917,-299.3220241809119,-203.3742843092023,164.0737251783972
2000-02-22,444.8265000783663,-315.0062166621662,-213.4863889096486,178.02360594648886
2000-02-23,454.78386751915286,-331.1497606569752,-223.00531837890145,191.71513951814134
2000-02-24,465.38060304462715,-346.63159935803424,-232.1900486391021,206.3325307026026
2000-02-25,475.9958152512767,-362.07278755173127,-241.7200680475257,220.83349811700793
2000-02-26,486.15151251712416,-376.7994272174668,-251.4737924884972,233.6605745950868
2000-02-27,496.1708643781018,-391.4925587723979,-262.41673851115854,246.08952137854854
2000-02-28,506.5745784276999,-407.09169744076536,-273.9494857319202,256.53653501441556
2000-02-29,516.4592911246197,-421.29556468950386,-284.8646943270086,268.7118530367241
2000-03-01,526.391455616755,-434.8847933237079,-294.52985042893266,279.98639911856685
2000-03-02,536.8109982698899,-449.81616132939376,-304.2003905024062,291.78668351108354
2000-03-03,545.8974210153682,-466.2204825372023,-313.42886810617284,303.7275060804893
2000-03-04,555.417530405228,-481.8441030286935,-323.5606748683769,315.6077503795206
2000-03-05,565.7587667078318,-498.3288853253591,-332.70528513729045,329.59172416908075
2000-03-06,575.7895368644965,-513.5172082895313,-341.4919344787137,344.4238734756277
2000-03-07,586.7094450707683,-528.3814883756932,-349.95953442919415,360.17917447245406
2000-03-08,598.0768510679923,-542.7351617938833,-357.0028887400485,374.9542328948952
2000-03-09,609.6812355137042,-556.4826677926569,-362.5654593245713,389.48351281923345
2000-03-10,618.6829377516335,-568.5100113712302,-368.7232819783017,404.5043948929708
2000-03-11,627.2924943120083,-579.5044918772392,-373.94043912028144,419.40893856851164
2000-03-12,635.7331425710632,-590.1069690823418,-378.6609684316883,433.7163555102538
2000-03-13,645.0555342381233,-598.7214228103503,-384.4822933199896,449.1967035611251
2000-03-14,655.0725888003875,-606.3005039821696,-389.3951548938055,463.6802272644528
2000-03-15,664.7596645097135,-612.9880180725363,-393.0060017242234,476.50321950661254
2000-03-16,674.6538321773825,-619.4463981029672,-395.2943908940113,488.7058883800601
2000-03-17,684.4009280502535,-626.9113446812081,-399.67095016766166,500.8047638125541
2000-03-18,693.0048071161958,-635.5909965810494,-405.99101836706944,513.4435902097061
2000-03-19,704.3327460913099,-643.0705893231482,-411.39666527843633,526.4605908145738
2000-03-20,716.0775265970836,-651.4642504866501,-417.71628578003254,538.6076899253137
2000-03-21,725.3658208152824,-659.0557373197507,-423.66879478754794,551.7792807784097
2000-03-22,733.7316148898121,-666.6278974142533,-428.3790609690662,565.2175489913099
2000-03-23,742.9028084693787,-673.6540656666364,-432.7619412700619,578.093030144215
2000-03-24,753.1187649350487,-681.5042881178199,-436.6788302619219,590.6502464149697
2000-03-25,763.6481363656444,-687.0779954796892,-440.48822582543056,601.6254744238479
2000-03-26,774.375142051321,-692.0184976696704,-443.90164848683776,612.7151674194292
2000-03-27,784.9047464282662,-696.4074378670542,-447.4994515944084,625.15367202396
2000-03-28,796.4273278965661,-702.2967234299676,-452.04262388265084,637.009101883714
2000-03-29,807.8566246207293,-709.254209944386,-456.04014871555233,648.7097046591307
2000-03-30,818.4560241985592,-717.4396682749538,-459.24582745606693,660.9777697596116
2000-03-31,828.8443217699739,-725.483966249652,-461.49199399618027,675.8516121945495
2000-04-01,839.446256139822,-732.9075398085923,-462.71106780346327,691.6798392243584
2000-04-02,851.6292580549687,-739.3222792430158,-463.70175416866647,708.174413109325
2000-04-03,863.1937375962946,-744.0734338926169,-464.3818195181638,724.1595815244553
2000-04-04,875.4410045709577,-749.9920660461088,-466.05524063410957,740.5896925198801
2000-04-05,887.8901833642078,-755.4967769508758,-468.7571081025613,756.165106918674
2000-04-06,902.0297136151945,-760.7353331859892,-472.4017440152933,774.0426978227414
2000-04-07,916.1339656526349,-765.7935874676657,-476.2534535823092,792.4668698601876
2000-04-08,931.9554340855142,-772.2844514802387,-480.14587781530435,811.1842393461852
2000-04-09,947.8767287956144,-779.0295827855596,-484.36458819618827,830.5575052712044
2000-04-10,964.5913826625563,-786.3235223272804,-488.71446233688744,850.2273832331763
2000-04-11,983.0098161191518,-793.2643627006794,-493.37409040883983,869.9088925040278
2000-04-12,1002.15466182302,-799.1752840340919,-497.40556219305455,890.5834938059985
2000-04-13,1019.7181776545971,-804.9395778521223,-501.1051946238919,909.7174730817806
2000-04-14,1038.127055909626,-812.4292408612591,-503.7971652369123,928.3006101557106
2000-04-15,1056.0673870670255,-818.5384798132557,-507.60534685412296,945.9214566215434
2000-04-16,1072.962072020427,-824.2706866833619,-510.05438548158605,962.8395375320223
2000-04-17,1091.3981534764357,-831.2512466131423,-512.6476709902958,979.1621686692688
2000-04-18,1108.6456933911809,-836.7008150793691,-515.7719715208328,996.7075034371195
2000-04-19,1126.5396062474588,-841.6548966124204,-519.4465158995149,1011.8715107737326
2000-04-20,1145.2144734634214,-845.4467915345272,-522.7398762254087,1028.4726577689992
2000-04-21,1164.8353530062523,-848.2949865771568,-525.6505017363344,1043.1529834602295
2000-04-22,1182.9403507214508,-852.0535258349686,-529.1491885564182,1058.3386237591403
2000-04-23,1201.2613781017483,-855.4660114782375,-531.5349736439927,1072.6443521787721
2000-04-24,1219.445125773299,-858.544473097743,-534.4720476477515,1087.2549954966562
2000-04-25,1237.6169442843711,-862.4753926420211,-537.7922612462374,1100.826730613157
2000-04-26,1256.1074892855208,-867.5355369191414,-540.701868869689,1113.9486432752751
2000-04-27,1276.6066294698148,-872.793801185985,-543.3910385187835,1125.4693707774634
2000-04-28,1296.2312967536586,-877.2116533964233,-546.3769100865374,1136.2462930356567
2000-04-29,1316.0347423890676,-881.074942099845,-549.453011487049,1149.200052726691
2000-04-30,1336.9455833728894,-885.7127033646077,-552.8088200180675,1161.8626006863499
2000-05-01,1358.5369407354585,-888.6154833847442,-557.0293425990252,1173.5291172838765
2000-05-02,1380.5624214170316,-891.9254428747792,-561.4926935870088,1186.4518653631822
2000-05-03,1402.865372472277,-896.1877631087049,-565.0654034539244,1199.9951783938586
2000-05-04,1422.629151045186,-899.8495990194835,-567.3436553423622,1214.0125794634937
2000-05-05,1444.4452278575068,-903.8929040647115,-568.4414001836304,1229.234458706644
2000-05-06,1465.6597623654097,-908.997215888042,-569.5240575963177,1243.5457996047987
2000-05-07,1485.3749922970046,-914.3366449468058,-568.7878001875715,1257.4328003922283
2000-05-08,1504.194918328996,-918.570633766576,-568.4918514456597,1270.7613282303685
2000-05-09,1523.816852292523,-923.3578487077011,-568.4361585630429,1284.713407188502
2000-05-10,1543.9837609946594,-927.734520457758,-568.1187278267121,1298.6559631058174
2000-05-11,1565.532991020567,-933.1152445635694,-568.25611347769,1313.5703163254614
2000-05-12,1586.1952267923139,-937.897759147529,-567.7748037597331,1327.463086025856
2000-05-13,1605.8496618806337,-942.0738233730397,-567.6268344592229,1341.0207680632711
2000-05-14,1625.3572252618528,-946.8787815539965,-567.4146092612214,1355.0288079397712
2000-05-15,1645.7522848377016,-951.2212873276726,-568.483922437525,1369.6062243154386
2000-05-16,1667.678298221347,-954.4580653693555,-568.7904083956673,1382.2513833466928
2000-05-17,1688.7426296100728,-957.9730556811621,-568.9410732122437,1394.6029978434367
2000-05-18,1709.6557598364284,-960.5607459576129,-569.2355747692365,1407.4821970218327
2000-05-19,1729.8727503611935,-963.7540315240961,-570.6653979591447,1421.6434701732485
2000-05-20,1750.0804139021336,-967.2271567483534,-570.884178923354,1436.911035778085
2000-05-21,1770.634167025642,-971.4369210167604,-570.389201221431,1453.0302065228548
2000-05-22,1790.2546427732295,-974.1240691912137,-569.4003948098045,1469.4234315683157
2000-05-23,1808.0585162943737,-976.5845765697005,-568.1917944124888,1486.0590276931523
2000-05-24,1825.7626688699374,-977.8402152605552,-567.5997691684727,1501.85350600779
2000-05-25,1841.973658292601,-979.7790595344673,-570.4619078400935,1518.0847866392228
2000-05-26,1857.951813901726,-981.732102440071,-574.0240530826338,1535.0189056571774
2000-05-27,1873.3254126518423,-984.4366305594872,-576.8899861336649,1549.9743604581495
2000-05-28,1886.1854505939568,-987.3092158828007,-578.7775505741755,1566.1876278457655
2000-05-29,1898.0253713750712,-989.3772959253029,-582.1155228379819,1583.3295090953802
2000-05-30,1909.1066648904064,-989.147581784846,-587.9359235435892,1600.0617400974504
2000-05-31,1919.9621947897313,-987.5691803493568,-592.6948371943896,1618.5404589412694
2000-06-01,1929.5225562075507,-987.1786881363381,-597.7356095870199,1637.8507791783777
2000-06-02,1940.0327799381816,-986.9022771737192,-602.8296835506061,1659.192307098731
2000-06-03,1951.7399938438357,-987.5023607920468,-607.2233022866849,1680.9071562882602
2000-06-04,1961.423205905518,-986.8994263977517,-612.3176826497343,1703.1359433583343
2000-06-05,1972.2775129139861,-986.9606497417951,-619.5519704224231,1725.0506948592815
2000-06-06,1983.0062210001272,-986.532127313827,-626.2104695496186,1747.2346082582915
2000-06-07,1994.0033251431669,-986.8880132176257,-633.9179720388163,1768.3585774434355
2000-06-08,2005.9564868951388,-986.314753828315,-640.3151898248376,1787.947790591264
2000-06-09,2017.5700941580053,-985.5883010767213,-645.7536502913439,1806.7747470005054
2000-06-10,2029.1667841015988,-986.1778303365451,-649.9651445750407,1825.5782694630332
2000-06-11,2039.946840320541,-987.4666533717523,-653.3109295774204,1846.3483444454896
2000-06-12,2050.9337783380497,-988.3825912538695,-657.0002786434417,1866.4721242091962
2000-06-13,2061.059445175273,-987.5894924752972,-660.2834326579931,1886.1540184115058
2000-06-14,2069.4356354242027,-986.9183638701463,-664.214169537686,1906.2412711735808
2000-06-15,2078.7919296934197,-985.8252294925031,-669.7632109654229,1927.7700690592324
2000-06-16,2086.8972568006766,-986.3473936704128,-675.2050157048841,1949.8725175754503
2000-06-17,2094.9631470913023,-987.6571631769111,-681.7020849763251,1971.0362200240925
2000-06-18,2102.697034406331,-989.9658876412141,-690.0650762582799,1991.6614906509262
2000-06-19,2110.759640357405,-991.4987248812423,-699.1605814580912,2011.2602566320404
2000-06-20,2119.2145879156615,-993.0327574024541,-708.5726059595537,2030.39877527326
2000-06-21,2126.1858200850897,-994.0903091622138,-718.3020297233255,2049.2575082778208
2000-06-22,2133.9614912247725,-995.7153075629047,-728.808799775643,2068.2924036107397
2000-06-23,2140.022124677315,-997.460151580955,-737.7970736113609,2086.0865804078626
2000-06-24,2146.916687115045,-999.4237394796814,-748.6702776341217,2104.1619574402575
2000-06-25,2152.7099723026595,-999.3877601022525,-759.06173995304,2122.740068543207
2000-06-26,2159.8632660106623,-997.5791738682185,-769.8092041691519,2142.710011538802
2000-06-27,2168.6415835079038,-996.7814339286872,-780.8272613159236,2163.446875795536
2000-06-28,2177.9543422770566,-995.4422272468416,-790.5101428117478,2184.5858256404345
2000-06-29,2185.641332989927,-995.1717015802425,-799.0268202786884,2205.280731883536
2000-06-30,2193.5633117820666,-996.1438408960779,-807.1484763602452,2226.4281546654756
2000-07-01,2203.524862093089,-997.5885958146587,-815.4227031522266,2247.162597627957
2000-07-02,2214.977553857911,-1000.0530815582202,-823.8485755831108,2266.96694324254
2000-07-03,2225.272551324728,-1002.6661568465661,-833.7046287536448,2285.583925788893
2000-07-04,2236.0837904084733,-1005.5039608440007,-844.1159536882303,2305.10764545596
2000-07-05,2245.7829112063637,-1007.9605156243256,-855.0855412663631,2325.324502772042
2000-07-06,2255.562488242444,-1013.03102849215,-866.1918883433028,2345.027901512724
2000-07-07,2264.701648705329,-1018.6675278121332,-876.9585098552926,2364.6210840391013
2000-07-08,2273.948012848657,-1022.9745259854416,-890.0159687600418,2386.114212891795
2000-07-09,2284.2790980566665,-1026.4575745355369,-904.8883783884689,2408.2082639109276
2000-07-10,2293.156762886992,-1029.154989001154,-920.0944122986452,2431.786267184323
2000-07-11,2301.375623305302,-1032.81342078669,-935.3804704903595,2455.5148294551445
2000-07-12,2309.55200481456,-1035.8683465450124,-952.4070072628663,2479.9131256617607
2000-07-13,2318.251939534809,-1037.9562879819966,-971.2684953054732,2503.0063601154643
2000-07-14,2326.562908336052,-1040.5154694483872,-990.0639922225755,2525.6786306101253
2000-07-15,2335.3284341713156,-1043.249564922481,-1006.983625245584,2548.34609735899
2000-07-16,2344.1344162882015,-1046.3834175697195,-1022.7734551165581,2570.8971255206916
2000-07-17,2354.1486528554283,-1049.125533247692,-1036.3445621572625,2592.8110328830453
2000-07-18,2363.0689776701824,-1052.2597462792924,-1048.0246142675458,2614.677017422935
2000-07-19,2372.9443305295886,-1055.48244103506,-1059.740372450375,2635.985752804328
2000-07-20,2382.6657567887814,-1057.6759247335094,-1071.371819327031,2656.965071570955
2000-07-21,2390.036757099337,-1059.873535849743,-1083.3870348002429,2680.307506575705
2000-07-22,2398.6666833864133,-1062.390831799276,-1094.844399524673,2704.868580422018
2000-07-23,2407.871032090805,-1065.4489914617884,-1105.9312538782467,2728.5897687166153
2000-07-24,2416.646353661098,-1068.081654139979,-1115.4102093730974,2752.4984106395495
2000-07-25,2425.587675530881,-1071.87014763274,-1126.200443259057,2776.6640102666333
2000-07-26,2432.978021702423,-1075.133713238762,-1136.7469466403368,2801.076086169659
2000-07-27,2439.730132279477,-1079.5235410415091,-1146.8377070450288,2825.487332191599
2000-07-28,2447.8048036381283,-1083.7483927784128,-1157.1780083131068,2850.6543522755196
2000-07-29,2457.3382820459174,-1087.6304906703958,-1169.5833568679238,2875.5141003509575
2000-07-30,2467.5430005320154,-1089.6456226555113,-1181.073533999597,2901.4541337401433
2000-07-31,2479.134037496563,-1092.2345730631125,-1191.704979836478,2926.7240641995045
2000-08-01,2491.2082768632013,-1095.252594531601,-1202.638865772359,2951.631917267017
2000-08-02,2502.174178001174,-1097.126467455751,-1213.465750359576,2976.427764824131
2000-08-03,2513.446420452779,-1099.658563043865,-1224.8182978362909,3001.844391664928
2000-08-04,2524.3232676511066,-1102.4957337818405,-1236.6847618970037,3028.0921648120698
2000-08-05,2534.225269584047,-1104.798131399872,-1248.6604090218784,3053.9741799180006
2000-08-06,2543.8661614913995,-1106.8240977100022,-1261.612694976576,3081.8775861511954
2000-08-07,2553.7133578312496,-1108.3587225340086,-1275.8956840484434,3107.7465467723723
2000-08-08,2564.0709709699904,-1110.1408532894168,-1291.2454162369056,3134.289778418924
2000-08-09,2575.300561885784,-1111.0338658553046,-1306.4476107972887,3161.311654107685
2000-08-10,2586.2817262217604,-1113.028463889477,-1318.8485951952744,3186.8765365954564
2000-08-11,2597.605968545498,-1114.6315528819284,-1329.553848520155,3212.3137660784764
2000-08-12,2607.4808816051013,-1116.5245433707476,-1340.4626428728398,3239.1993152969235
2000-08-13,2616.7056702585173,-1117.7989963214468,-1352.8294410165984,3265.626165026553
2000-08-14,2624.2343846134854,-1118.8371922505473,-1366.6819333953663,3291.7612588500647
2000-08-15,2632.855008030271,-1120.029341358628,-1378.3119243473259,3317.5540978071517
2000-08-16,2641.5380786795586,-1120.5003765848232,-1389.2634465458011,3345.08492547869
2000-08-17,2651.6764427224502,-1120.0765944926222,-1399.5030966480963,3372.585681315893
2000-08-18,2663.5974469093458,-1121.2095558275573,-1407.5355319299108,3400.4521135307577
2000-08-19,2676.0494634169486,-1123.239618784662,-1414.4396252989532,3429.2550709697703
2000-08-20,2688.4170861373136,-1124.9614166304616,-1422.3871224161705,3459.176557115628
2000-08-21,2700.6032989885575,-1125.9234047998762,-1429.964164415255,3489.3161988248967
2000-08-22,2711.46373130402,-1124.2519986916384,-1437.5117557749418,3518.0191427950413
2000-08-23,2721.2458549495727,-1122.3491967107848,-1444.6072274968665,3547.7480400468685
2000-08-24,2731.569678679779,-1121.399945430122,-1451.7068567753383,3577.386207729454
2000-08-25,2741.126455163294,-1119.6888138247416,-1459.0561187117337,3606.7782189959594
2000-08-26,2749.61238958147,-1116.9018368958466,-1466.6175125074317,3636.801959451133
2000-08-27,2758.3815078550133,-1115.4321850457811,-1474.0467565552476,3665.432045047635
2000-08-28,2766.1877893207406,-1113.491362312566,-1481.042298778951,3693.917855082145
2000-08-29,2774.370223276742,-1112.51168327646,-1488.4808041897263,3722.0134325803933
2000-08-30,2781.680281632481,-1109.8722003685193,-1496.2409916631461,3751.509766532569
2000-08-31,2789.0049306206874,-1108.2696303403961,-1503.3572719915717,3780.2887834692438
2000-09-01,2795.1738203225814,-1106.3382013644607,-1511.2597187912231,3809.1374402569536
2000-09-02,2800.565203824378,-1105.7874775319515,-1518.9537720910828,3837.5659314081904
2000-09-03,2806.309992911657,-1105.3483267564707,-1527.2963130372725,3865.8014620090116
2000-09-04,2812.2847703169055,-1104.006803469525,-1536.0246088927565,3893.8247618512673
2000-09-05,2817.5966434151214,-1102.4895102899886,-1545.5964919359185,3920.7974408438
2000-09-06,2822.227887962818,-1100.222838577099,-1555.0289934224277,3948.26673397073
2000-09-07,2827.850980821358,-1096.7523411589248,-1565.4144869986512,3974.512749870153
2000-09-08,2832.3734746505074,-1094.3448047826964,-1575.9917935831247,4000.583701424414
2000-09-09,2835.871019786428,-1091.7230207154894,-1586.9511771872044,4025.272544892696
2000-09-10,2839.1057768515166,-1088.602974101669,-1598.018352351881,4049.5366555647365
2000-09-11,2842.6305126942384,-1085.9839136909727,-1611.3686069526643,4073.493268197589
2000-09-12,2846.346371642819,-1083.579059542064,-1625.496604785223,4097.087791967809
2000-09-13,2850.0268219577792,-1082.6068675275849,-1639.4444108360517,4120.004431082061
2000-09-14,2852.849094685561,-1081.9484120010882,-1652.6615634416976,4142.477757639746
2000-09-15,2856.305730908262,-1081.098122276425,-1664.8389389355502,4163.780810951816
2000-09-16,2858.2937256146824,-1081.1228922774983,-1676.6173595444002,4185.472099956176
2000-09-17,2860.4826210093975,-1082.3100365721095,-1687.972360271848,4208.177525313331
2000-09-18,2862.0774760070326,-1083.7008644698951,-1699.588478320212,4231.573410854709
2000-09-19,2864.6167862879392,-1085.305152820094,-1710.221025602714,4254.448453663204
2000-09-20,2869.3837776426217,-1087.0423833137788,-1721.073092236359,4277.692858967189
2000-09-21,2874.424552178568,-1087.816178211017,-1730.9645128978416,4300.524684837265
2000-09-22,2878.3925189045526,-1086.3326283770805,-1740.747470740587,4323.747512407391
2000-09-23,2882.0705221770854,-1084.3463482525726,-1751.0681262285989,4346.591033297178
2000-09-24,2885.3354090109224,-1082.7337216218116,-1760.1425157931303,4370.240246105985
2000-09-25,2890.1742839402737,-1080.9931172667466,-1768.1609863631202,4393.789288018755
2000-09-26,2895.4760326361466,-1080.234545123827,-1777.2291397324138,4417.360036507783
2000-09-27,2899.51603055728,-1079.0963217845979,-1785.9330024642716,4440.655359335199
2000-09-28,2903.787541011053,-1078.8182683581608,-1794.1772777256624,4463.357921906417
2000-09-29,2907.713157776744,-1077.6047046346466,-1801.52498641787,4485.9204887847645
2000-09-30,2912.51944398916,-1078.023323920394,-1809.0280915851076,4508.853833087244
2000-10-01,2917.8722581098464,-1078.6353270856275,-1816.6060257983029,4530.58366652844
2000-10-02,2924.7299456168503,-1078.1239071208513,-1824.804603606262,4553.383849709144
2000-10-03,2929.949694479296,-1077.014361955429,-1832.6835869101387,4576.193049356142
2000-10-04,2935.428770394924,-1076.3234088910363,-1840.7421960949682,4601.138278283433
2000-10-05,2941.2507891407636,-1075.8374078604772,-1849.096361140894,4626.4223718192325
2000-10-06,2947.7877586583336,-1074.7894387229737,-1856.7937419499895,4654.060436584453
2000-10-07,2953.8447763430922,-1074.7720195132517,-1864.1722044778992,4680.7230620944765
2000-10-08,2960.336478954931,-1076.2847543035352,-1871.8908836135365,4708.577071977923
2000-10-09,2966.2333864902043,-1077.641646414788,-1880.4076403022868,4736.987698226321
2000-10-10,2973.404992226929,-1078.9550910286175,-1888.5438708918816,4766.702611374295
2000-10-11,2980.276769064356,-1078.1991109198889,-1897.2305626498173,4795.790445565432
2000-10-12,2986.0514013169554,-1075.879472983921,-1906.678151568686,4825.752861006635
2000-10-13,2994.66072464794,-1075.4022064527733,-1917.2656255563018,4854.390724523808
2000-10-14,3002.747287847133,-1073.6002590804155,-1928.6105226676414,4884.059985569632
2000-10-15,3011.1470398696515,-1073.8882150400268,-1941.3440158635817,4912.784313686222
2000-10-16,3021.917234745953,-1074.0201124179948,-1953.9520390271643,4939.031489264407
2000-10-17,3030.741722262922,-1074.2049722426912,-1967.0322780750932,4963.9577716471
2000-10-18,3038.878042807935,-1074.8885108960137,-1980.4061517682098,4990.719930351042
2000-10-19,3048.394388767566,-1073.7405198254266,-1995.1099248502674,5017.03700914885
2000-10-20,3056.3797449472804,-1072.3068250028864,-2010.5392325309047,5042.359769004684
2000-10-21,3063.9186708623724,-1071.3264451209347,-2024.2295426609926,5067.944984209889
2000-10-22,3073.6020198110655,-1070.6334328388727,-2036.9319169639145,5093.706343043031
2000-10-23,3084.858385933838,-1070.93867199934,-2050.2409766386922,5120.997044688501
2000-10-24,3095.605169464873,-1073.2397842926575,-2064.0890889682996,5147.941431356393
2000-10-25,3107.422185538979,-1075.6001447834096,-2078.173818338651,5174.370064677882
2000-10-26,3117.648208470793,-1079.562208801234,-2092.7464377659885,5202.354934150914
2000-10-27,3128.813007843089,-1081.29173094919,-2106.9229480014674,5229.580707030779
2000-10-28,3141.610174796678,-1083.4840748590784,-2122.049409257891,5256.104260240761
2000-10-29,3154.471022719544,-1085.1859132702639,-2138.790996680064,5281.568045523043
2000-10-30,3167.86600104467,-1086.465195280756,-2156.0959818934766,5306.73024064327
2000-10-31,3181.548146326103,-1086.2130922588576,-2172.709253306182,5330.832269712378
2000-11-01,3195.1459700359937,-1087.0899847587734,-2191.491340277227,5355.223333218992
2000-11-02,3210.3934841517685,-1087.975446200349,-2210.259375454836,5380.208724677676
2000-11-03,3224.306798056803,-1089.1063935920492,-2228.41809208912,5404.5748178725025
2000-11-04,3239.081928919629,-1089.8427251138585,-2246.4733425283116,5430.092381583537
2000-11-05,3253.868524420773,-1090.9149443190981,-2265.141955209718,5455.687199657777
2000-11-06,3268.665462948407,-1092.3422967785675,-2283.7664383117767,5482.081714931275
2000-11-07,3285.006309587967,-1093.2148992233713,-2301.8677033314366,5507.839772141302
2000-11-08,3300.7688395767036,-1093.658715546501,-2320.6661199189907,5534.156229173189
2000-11-09,3315.950688089557,-1093.7358721541646,-2340.132078427942,5558.707314185834
2000-11-10,3332.7747553166037,-1093.012539512584,-2361.8379820321684,5582.518320528905
2000-11-11,3348.543203038772,-1091.48660908135,-2382.9685191334206,5606.235554004915
2000-11-12,3364.596906430296,-1091.1205738478916,-2403.7260045815524,5629.828065547873
2000-11-13,3382.1819170937724,-1090.161614118635,-2423.5737010076746,5651.47129790449
2000-11-14,3400.5311118284867,-1089.3514496554026,-2444.8880542893494,5673.741703302025
2000-11-15,3419.1829553305697,-1090.1695410763573,-2466.9614610356434,5694.190328624379
2000-11-16,3438.021461209427,-1090.5961155407845,-2489.0868751786393,5714.704032313994
2000-11-17,3456.872030619723,-1091.6778337199796,-2512.8831343192787,5733.443353817733
2000-11-18,3476.0251087047404,-1094.0292180699487,-2535.7932607949288,5752.23705933032
2000-11-19,3494.8944839228957,-1095.6861091178987,-2560.1227622250776,5769.629534082799
2000-11-20,3514.229969590928,-1098.2737511875184,-2584.3495075782016,5787.221384112601
2000-11-21,3532.3852140863623,-1100.2021969309742,-2608.11480117329,5807.260581384967
2000-11-22,3550.174416269696,-1101.209660562002,-2633.744527942173,5828.225626368792
2000-11-23,3569.262554092999,-1101.41724772968,-2658.3352758225374,5849.371303231527
2000-11-24,3587.280237797975,-1102.631678493325,-2683.0526269200373,5872.042771418592
2000-11-25,3605.7061725226367,-1103.607226640123,-2705.9541326528974,5895.081225565919
2000-11-26,3624.5290072678627,-1104.7042950739974,-2729.1417143175345,5919.025215059099
2000-11-27,3644.066876074476,-1106.0790006480554,-2752.0908624621056,5943.233123970994
2000-11-28,3664.97370620714,-1106.3016189208543,-2775.6337209404533,5967.586327440726
2000-11-29,3687.028928459144,-1106.5494069880613,-2798.5336418498105,5992.069858684249
2000-11-30,3709.662830553144,-1105.6479538422273,-2820.8291915218183,6016.918667434722
2000-12-01,3733.010618573751,-1104.9473373268584,-2842.632516527993,6041.014977406076
2000-12-02,3756.311185079564,-1105.5096167144625,-2863.813142641497,6064.610502586445
2000-12-03,3781.2264385184053,-1107.5628965286112,-2884.251715087652,6088.418188450572
2000-12-04,3807.26456906983,-1109.646581380939,-2903.865974638667,6112.89858614273
2000-12-05,3835.2970332303444,-1111.1778157759538,-2922.303943615271,6135.516242172211
2000-12-06,3863.519325828464,-1111.9419339829283,-2938.8245047749947,6158.251681628905
2000-12-07,3892.7499306341406,-1112.3114632317552,-2956.7703238763215,6179.922260535033
2000-12-08,3921.5912277455895,-1111.4636709457368,-2975.3191147786733,6202.270571849484
2000-12-09,3951.816038947173,-1110.5352507832954,-2994.0426535711094,6225.547052364053
2000-12-10,3981.331507795649,-1109.3591393647248,-3014.0172899507347,6248.437396492605
2000-12-11,4011.9800121484254,-1107.173564916778,-3035.6144225995326,6268.278051525856
2000-12-12,4043.277259008458,-1106.6526501878152,-3057.432223540725,6288.1207830216645
2000-12-13,4074.5532136056527,-1104.3667289289103,-3079.497043409326,6306.676058249306
2000-12-14,4105.594999306099,-1100.5845710316573,-3102.0670133810036,6324.2223921970435
2000-12-15,4138.052184138656,-1097.511958189661,-3125.9302486298398,6339.631799943141
2000-12-16,4170.296676410107,-1095.1202533571202,-3149.8357382153295,6355.03546495903
2000-12-17,4202.034306877298,-1093.4915108236748,-3172.9001031057064,6369.643761295269
2000-12-18,4234.132188522921,-1091.9723054006818,-3198.0369333111043,6384.9093690045265
2000-12-19,4266.748805738328,-1091.105376289803,-3221.839752188352,6400.4656108526615
2000-12-20,4299.744276636238,-1091.5058836794653,-3244.6909258380906,6415.827470934487
2000-12-21,4332.551866503456,-1091.4584461494376,-3266.71057889987,6432.421112794701
2000-12-22,4364.973486958994,-1091.5904517479296,-3289.3003333222664,6448.231056819774
2000-12-23,4396.488949809372,-1091.7462553779299,-3313.63349533084,6463.79232154488
2000-12-24,4426.824140305643,-1093.7567165962255,-3339.398471727938,6479.505779423754
2000-12-25,4457.780763699578,-1095.7997355602581,-3365.4110131906396,6494.954612244829
2000-12-26,4490.060375708339,-1098.436402163114,-3391.448102205068,6509.78872535497
2000-12-27,4522.458442981154,-1102.2362768139565,-3417.2253783093947,6524.174509493492
2000-12-28,4555.102931818996,-1106.4448595151146,-3443.930001657262,6539.100998611148
2000-12-29,4587.527370286166,-1109.2741414104746,-3470.3966676170994,6554.750407903521
2000-12-30,4620.2298726005665,-1113.560458283613,-3494.355268641328,6569.571696518429
2000-12-31,4650.759868957404,-1118.2381811622938,-3517.2742831660516,6583.7280287034155
2001-01-01,4680.735321343177,-1123.069003901062,-3541.3388820448304,6596.735809265791
2001-01-02,4712.4502650349095,-1129.953018638337,-3565.089514464542,6610.226633349111
2001-01-03,4746.518418611264,-1137.0641059968648,-3589.7895476163108,6622.034724519491
2001-01-04,4781.556418014213,-1142.8736122237078,-3613.5823271568534,6633.065094270817
2001-01-05,4815.683184372706,-1147.676560715886,-3637.6328916613893,6644.375551561451
2001-01-06,4850.286942792478,-1152.438490457542,-3662.7341123077586,6656.992918399242
2001-01-07,4885.051928428772,-1158.2335325763477,-3686.5543265870037,6670.48317071773
2001-01-08,4920.248119063163,-1162.0064576322823,-3711.1665247491333,6684.9691072589685
2001-01-09,4956.719088646292,-1166.1873474602519,-3734.7189565842764,6699.056249956301
2001-01-10,4993.159152225384,-1171.5711957606184,-3757.5866489961018,6714.181769427503
2001-01-11,5029.696816433714,-1177.4381190038848,-3780.8525075473626,6728.594560968512
2001-01-12,5067.17575023648,-1183.8408323284352,-3802.133082510021,6743.007854675537
2001-01-13,5104.570345458453,-1190.4423782176345,-3824.6198714060884,6756.804762515759
2001-01-14,5141.433898563118,-1198.3207574787039,-3847.61388601834,6769.871090187122
2001-01-15,5177.566851692243,-1205.3143009741023,-3871.0099282799206,6782.431141619929
2001-01-16,5213.916958926621,-1212.4019750833024,-3892.0950698462684,6794.7150582146505
2001-01-17,5252.46690915946,-1218.051400239672,-3913.549932072599,6806.621816627508
2001-01-18,5288.481517492681,-1223.8073574963169,-3933.838751264591,6819.058802641852
2001-01-19,5325.748986624481,-1229.3016227162218,-3954.504092681409,6831.869880667722
2001-01-20,5362.403297980481,-1235.138375973456,-3975.1394189104603,6845.895030080785
2001-01-21,5400.160617587594,-1239.6396008514537,-3996.257661690608,6859.681369476106
2001-01-22,5437.417506334104,-1243.9203043562238,-4019.0765350475094,6873.251576066329
2001-01-23,5474.8020703693155,-1249.1055473207673,-4041.124462317461,6888.120959327278
2001-01-24,5514.4404104128125,-1255.3089933268527,-4064.026697481225,6905.135840836343
2001-01-25,5557.638288573545,-1260.109697906538,-4088.05310430448,6922.332046152196
2001-01-26,5599.918609356549,-1265.3380038563243,-4112.330760693666,6940.050650743632
2001-01-27,5641.588897849926,-1271.0857367973676,-4137.895650441375,6959.173131654792
2001-01-28,5685.21684479321,-1277.2921406190333,-4165.259820492117,6978.224095170754
2001-01-29,5729.68022975253,-1282.749390728956,-4192.497931340916,6997.766072787517
2001-01-30,5774.780644927427,-1287.5172492640452,-4220.823361461178,7019.608228332755
2001-01-31,5821.74184696769,-1293.8608578964784,-4247.343790133934,7042.6601634438875
2001-02-01,5869.661092335519,-1301.1895589516673,-4274.94636353482,7065.602389704184
2001-02-02,5917.212943997936,-1309.5027065842348,-4302.237159648858,7088.134376370289
2001-02-03,5962.3719627219925,-1319.837823490829,-4330.22842003123,7109.841064340939
2001-02-04,6008.284223361757,-1330.0191399529851,-4357.485271740385,7130.7469058168535
2001-02-05,6053.726754090785,-1340.2136251714874,-4384.703149765465,7150.415036227301
2001-02-06,6098.3171024590665,-1350.5080120866328,-4411.085308039709,7170.202896613934
2001-02-07,6143.141304843256,-1360.5125278310547,-4437.176342893377,7190.4540621589495
2001-02-08,6188.51962975736,-1370.2979647799982,-4463.463445594172,7211.361594564633
2001-02-09,6234.203622252641,-1380.4729275329819,-4487.984974820398,7232.350554928153
2001-02-10,6279.674780246378,-1391.505056254297,-4512.431679465485,7253.757490443957
2001-02-11,6323.83913152357,-1402.925481497154,-4537.7034858136085,7275.790682564502
2001-02-12,6368.231953810081,-1414.77376501575,-4562.535379337232,7298.147018233531
2001-02-13,6412.000061706704,-1426.6352981236266,-4589.185701552548,7320.565687225702
2001-02-14,6456.549197925707,-1438.266531437592,-4617.325524196168,7343.546334948815
2001-02-15,6501.087437203112,-1450.141815590216,-4646.775601132652,7365.299634189132
2001-02-16,6547.388312348654,-1463.8497967861913,-4675.940842732336,7388.87069247755
2001-02-17,6593.085922999649,-1478.1142232162103,-4704.884047253204,7412.5637404056915
2001-02-18,6637.60224344362,-1491.9300342231302,-4732.626064879539,7436.472415740453
2001-02-19,6681.847753088232,-1505.9594471832702,-4762.367542972497,7460.638393146203
2001-02-20,6725.678646556245,-1518.8169484266316,-4792.150927336287,7485.56606522312
2001-02-21,6768.634566408101,-1531.0062937451826,-4823.413920140336,7509.379888411888
2001-02-22,6811.495312267216,-1542.5256865630656,-4853.923821121527,7533.203786195828
2001-02-23,6853.979248688029,-1554.300916268259,-4884.277361508713,7558.766792263269
2001-02-24,6895.865947099969,-1565.4108830434773,-4916.613822458208,7583.539433679828
2001-02-25,6939.079594971409,-1576.0191664979002,-4949.1322290176695,7607.983271063256
2001-02-26,6982.9497886481695,-1587.6191751785116,-4981.628400315974,7631.09545331393
2001-02-27,7026.104191850653,-1599.479192969739,-5014.499757331858,7653.67508807964
2001-02-28,7070.986835641163,-1612.3291227581142,-5049.469583335082,7677.754422003789
2001-03-01,7116.540950934674,-1626.6466585253006,-5083.937638340037,7702.157944188689
2001-03-02,7163.1987335875865,-1639.733137832941,-5117.3820884272,7726.331645707674
2001-03-03,7210.378379000631,-1652.8390278045267,-5149.519412969518,7748.341976862453
2001-03-04,7256.7134913387,-1665.4629973141637,-5181.850639476811,7769.765972348044
2001-03-05,7303.614339897257,-1677.6314972042549,-5214.05424341014,7791.34116717961
2001-03-06,7350.769373161603,-1689.3250061564931,-5245.0710956223165,7813.722327190865
2001-03-07,7398.5932092366775,-1699.543492349608,-5275.010506160868,7835.423517705798
2001-03-08,7447.977248011663,-1710.3556550892556,-5304.760426550204,7857.437944530552
2001-03-09,7496.829004107896,-1719.5881446200474,-5334.173024642488,7879.136349171501
2001-03-10,7545.280554299715,-1726.9242568452016,-5362.952644181484,7899.304200790106
2001-03-11,7594.9340121636915,-1732.507509305887,-5392.090816808606,7919.335679919616
2001-03-12,7645.920930397815,-1736.3890570595345,-5420.359532188129,7940.5383106355985
2001-03-13,7696.157922643964,-1741.1352287343905,-5448.687074873632,7960.969728950177
2001-03-14,7745.719042817294,-1745.8591542219715,-5476.900112076625,7981.829126610451
2001-03-15,7794.953475155423,-1750.4447219763367,-5506.55916895987,8003.175736168818
2001-03-16,7842.320627894644,-1756.9154878211034,-5537.068121962194,8023.928359145606
2001-03-17,7890.667367661066,-1762.7091883571231,-5566.024878412675,8044.732592380365
2001-03-18,7937.892714811993,-1768.880661159034,-5593.309699449564,8064.570740951721
2001-03-19,7984.793278219175,-1775.8325591533048,-5619.5518381633665,8085.235725244398
2001-03-20,8030.89378098287,-1782.0378063911521,-5643.715613471923,8107.289448278004
2001-03-21,8077.746018949089,-1787.806019914671,-5667.011260625204,8128.735254589167
2001-03-22,8125.506052984911,-1792.8064626387916,-5690.753989642028,8150.0259115866265
2001-03-23,8173.465806207369,-1797.3186571647007,-5716.160332794354,8171.157879089901
2001-03-24,8221.373232315838,-1801.6217942956014,-5742.004125990343,8191.7693147350365
2001-03-25,8266.636717048375,-1805.857136265923,-5770.316746846796,8212.885676772983
2001-03-26,8311.27831436419,-1810.574126272095,-5799.0863288076935,8234.80924775728
2001-03-27,8355.050404849468,-1816.940791864687,-5828.331422398454,8258.929282086
2001-03-28,8399.897964166126,-1824.1071551565115,-5856.955238978374,8283.569631007404
2001-03-29,8444.565412016455,-1830.8309629377263,-5885.5364799976915,8309.356987713338
2001-03-30,8489.907204863854,-1838.1827600565957,-5914.809258679795,8335.350970749389
2001-03-31,8536.086774175044,-1845.1560362342436,-5943.881496688386,8361.344077354352
2001-04-01,8581.139206666476,-1853.8439333016488,-5973.09752259733,8387.05193657227
2001-04-02,8627.432959279686,-1864.0931752324402,-6003.825006619123,8413.509887840151
2001-04-03,8673.805040595347,-1874.0316246297377,-6033.6780448055015,8439.160121311605
2001-04-04,8720.409833855123,-1882.9428611779613,-6063.605052993993,8464.545222118973
2001-04-05,8766.696764875867,-1891.8849660630794,-6094.291083651521,8489.792068412135
2001-04-06,8811.409641956057,-1902.7724754873416,-6125.678233751912,8515.75979539003
2001-04-07,8858.150101048697,-1912.2230680572331,-6157.357795479197,8541.278485956096
2001-04-08,8904.753778329785,-1922.678993625663,-6189.362641173452,8566.231106553509
2001-04-09,8951.003912573879,-1931.4512937981183,-6222.6100682560245,8591.20837054035
2001-04-10,8996.86229542382,-1939.4479310598751,-6258.210543314423,8615.304716639113
2001-04-11,9042.685774718746,-1948.426677352933,-6293.210605786218,8639.068528149297
2001-04-12,9088.146582872001,-1955.445693744093,-6328.367634734962,8662.709405013971
2001-04-13,9132.870544082429,-1962.6375616935445,-6364.496279079707,8684.276291936108
2001-04-14,9177.584067943766,-1969.303820154397,-6399.030230005852,8706.340890427868
2001-04-15,9221.213093495158,-1977.4506290230177,-6433.077637931895,8727.549006010513
2001-04-16,9264.362277538698,-1984.4294519983346,-6465.492067359078,8748.353006599118
2001-04-17,9309.377316668042,-1990.1198123277004,-6498.939845376265,8768.479876820342
2001-04-18,9355.507510060646,-1996.0354377061778,-6534.527206897515,8788.754248178078
2001-04-19,9400.387600317768,-2002.3081134284548,-6568.54591520609,8810.336903726138
2001-04-20,9443.886985108822,-2008.9484904860892,-6604.583938720789,8832.073320176516
2001-04-21,9488.476623199209,-2015.9054430657181,-6640.59225813929,8853.417354083078
2001-04-22,9533.339389347055,-2024.6769658620092,-6676.672570923245,8873.29755168127
2001-04-23,9577.773425372372,-2035.0297565567519,-6712.7171226893615,8891.409303194765
2001-04-24,9623.641117823794,-2044.4929357190588,-6749.285817428873,8910.357627024523
2001-04-25,9669.396786015934,-2052.7656822287063,-6786.80996037377,8927.719577423895
2001-04-26,9713.99082684116,-2059.3172523532994,-6824.962408146638,8944.58699703121
2001-04-27,9758.675126551741,-2063.692192007403,-6862.901841569306,8960.940091143024
2001-04-28,9805.151902282094,-2066.200069834525,-6901.121643648397,8978.079298625866
2001-04-29,9851.944784312827,-2069.2658632222165,-6940.751601740063,8995.915600670816
2001-04-30,9899.198579943284,-2071.3264690017663,-6980.729636359804,9014.051796009035
2001-05-01,9947.038979060468,-2072.2477785444585,-7019.4575830594995,9030.821065064365
2001-05-02,9994.180213686666,-2071.920184584098,-7057.817787057249,9048.346702661394
2001-05-03,10039.564419004448,-2072.6961422771665,-7095.895388225833,9065.73260222064
2001-05-04,10086.879016554813,-2073.068545998599,-7134.427553109733,9083.792041937048
2001-05-05,10133.743691807533,-2073.5392865314525,-7170.456128572117,9100.34362934584
2001-05-06,10183.07067247311,-2073.2775700806246,-7208.369202534296,9117.441558422903
2001-05-07,10231.346287581262,-2073.544182096084,-7245.640358922769,9134.92531309467
2001-05-08,10278.11472865215,-2073.5255247922937,-7282.505230343565,9151.901891700774
2001-05-09,10324.967726219747,-2072.861815083534,-7319.641703998679,9170.43787038588
2001-05-10,10370.320744969453,-2073.6509606071,-7358.766597254529,9189.177470005921
2001-05-11,10415.692586805924,-2075.829890551709,-7400.19477597986,9208.636519877202
2001-05-12,10460.904907931908,-2078.764750702003,-7441.442808037154,9228.00564878941
2001-05-13,10505.627863320951,-2081.7474913710394,-7481.085770136411,9246.558494762648
2001-05-14,10551.328343530025,-2086.338356286207,-7520.743099214546,9266.235218875725
2001-05-15,10598.55545092884,-2090.142423870977,-7561.532406405488,9285.872570787695
2001-05-16,10645.215227372295,-2092.8085011565086,-7603.125691778956,9305.230649952011
2001-05-17,10692.106658432802,-2094.905992511734,-7646.754596803657,9325.313548690589
2001-05-18,10740.617652818357,-2094.625529931524,-7689.225986452907,9345.072659210384
2001-05-19,10787.406606502533,-2092.4176851488805,-7730.873114165676,9364.085004912924
2001-05-20,10831.619881344097,-2090.308477714128,-7773.401240232208,9382.654144434708
2001-05-21,10876.705487774188,-2086.799639113469,-7817.246952242459,9400.900016796293
2001-05-22,10922.160291387503,-2082.763756071551,-7860.587374358786,9418.372962109881
2001-05-23,10968.794764688604,-2079.5128092328296,-7906.158778653377,9435.737081573228
2001-05-24,11016.296231194685,-2074.7044977659657,-7950.619872362981,9451.86478331185
2001-05-25,11064.011604628397,-2069.8645247443455,-7995.204809749951,9469.612579187266
2001-05-26,11110.344278608742,-2066.281958284553,-8039.2902828048145,9485.020875122322
2001-05-27,11157.255535350101,-2064.871880414428,-8085.292901627159,9500.154089613305
2001-05-28,11202.718752542683,-2064.1059856363167,-8131.487519180357,9515.546835664622
2001-05-29,11247.993466486398,-2062.6939319236653,-8176.166522497275,9531.72216797726
2001-05-30,11292.758871063801,-2059.3015193152874,-8219.970378255022,9548.866766587935
2001-05-31,11338.040408734376,-2055.5604246389394,-8263.073846614032,9565.642471766347
2001-06-01,11380.775026683004,-2051.3273552383093,-8305.32366469951,9584.234054322875
2001-06-02,11423.98557770851,-2045.6574972309713,-8347.473699947004,9602.630700791022
2001-06-03,11465.519983757864,-2038.8902328266322,-8389.463160237223,9621.039765315058
2001-06-04,11507.43747995495,-2031.2730637374325,-8430.84773891895,9639.067015197286
2001-06-05,11552.063174506839,-2023.333024488117,-8472.767235885758,9659.340116785286
2001-06-06,11597.174765941405,-2014.497405604221,-8513.894507891519,9679.128488028904
2001-06-07,11641.758893796516,-2005.8337191630671,-8555.728656332121,9699.210578338456
2001-06-08,11684.457269836532,-1997.6597984404257,-8596.226915983221,9721.47817211559
2001-06-09,11725.071913612355,-1988.1107173513806,-8635.389599841277,9744.378438964637
2001-06-10,11765.40395566628,-1978.0521962788152,-8674.892462086302,9769.069359107878
2001-06-11,11805.413944365513,-1967.8632082009713,-8714.132231564332,9794.271890813592
2001-06-12,11844.146544682571,-1957.415229542165,-8753.117200741828,9819.552220852629
2001-06-13,11882.93542358314,-1949.5885738576847,-8791.380878990152,9845.597450397108
2001-06-14,11918.999339942618,-1941.1707725400227,-8829.079055655257,9870.247008628567
2001-06-15,11953.966675571746,-1932.1581101169816,-8867.896965412203,9895.425688458708
2001-06-16,11989.127521284892,-1924.5159280020675,-8906.206443944537,9921.293866229174
2001-06-17,12023.460127132275,-1917.661233182546,-8945.107199670338,9948.217290601082
2001-06-18,12057.519673129616,-1911.4515429696826,-8984.520619099118,9974.445122625351
2001-06-19,12094.344941958432,-1907.0322146350359,-9024.83532876098,10000.052852648247
2001-06-20,12131.159625596285,-1904.694845870262,-9064.088718939793,10025.560444756136
2001-06-21,12168.85054226185,-1902.4186137037339,-9102.942096496075,10050.516761954788
2001-06-22,12205.560473994785,-1900.3797137123158,-9143.655861542218,10073.849912225462
2001-06-23,12240.563051803683,-1897.6731579700104,-9185.090947489556,10096.170196064542
2001-06-24,12275.528229507523,-1895.3985360847662,-9227.20249199735,10120.012600410284
2001-06-25,12309.009529787332,-1891.5263608453583,-9270.309817027359,10145.068977843352
2001-06-26,12343.263929970692,-1887.1954929297674,-9313.63462011201,10171.259844696258
2001-06-27,12376.886869259015,-1883.2258221060256,-9357.225194790122,10198.067774105923
2001-06-28,12409.42845705866,-1878.137231452418,-9401.736624766547,10224.550178373174
2001-06-29,12442.320571042943,-1873.167718141669,-9445.912066217224,10249.402526642314
2001-06-30,12475.510261973654,-1867.8419272035708,-9488.878923952097,10273.763658351992
2001-07-01,12507.848655115005,-1861.4717215084697,-9532.719140157893,10299.917748670528
2001-07-02,12540.230332406181,-1855.4538773650697,-9575.855313740953,10326.822517332266
2001-07-03,12572.065917551541,-1849.7173320668899,-9620.606528182763,10353.233675371155
2001-07-04,12602.375599373758,-1843.6157266396785,-9664.242327522043,10379.036410418626
2001-07-05,12632.065249584088,-1836.464451484404,-9707.823485520707,10406.459467022318
2001-07-06,12662.727524247939,-1827.872939304036,-9750.647654908202,10433.317148233933
2001-07-07,12691.87437965179,-1818.6052819327015,-9792.01738944865,10461.979663686123
2001-07-08,12722.65189419684,-1809.981250911726,-9834.46473003669,10490.835334400721
2001-07-09,12753.285941238199,-1801.8048632267164,-9878.256044509493,10519.01276441372
2001-07-10,12783.204449806852,-1791.7116363524535,-9922.167098584167,10547.581707258178
2001-07-11,12812.37368171612,-1782.5170943428884,-9966.4520614061,10575.891018395996
2001-07-12,12838.985258152818,-1772.2555213761884,-10012.246829418775,10605.248681684458
2001-07-13,12865.094233049855,-1762.1092978394574,-10061.713588098388,10632.311125946373
2001-07-14,12891.185357785642,-1750.1899627618639,-10111.208267792827,10658.995853077005
2001-07-15,12917.08750397965,-1736.6111447655078,-10159.837788880946,10685.09162186401
2001-07-16,12943.832915333025,-1722.4108031714834,-10206.968706508884,10712.234511012082
2001-07-17,12970.311921075825,-1708.408465028927,-10253.118493502297,10739.872755608232
2001-07-18,12997.642076630256,-1694.741628564151,-10298.611060247096,10768.085772524315
2001-07-19,13026.283030806993,-1680.1524987084656,-10343.25476028591,10795.780665686589
2001-07-20,13053.039665472606,-1665.0357948718865,-10387.515742299835,10824.663361528155
2001-07-21,13080.510598036088,-1651.1821579549962,-10431.655363358801,10855.063762310085
2001-07-22,13106.319791510638,-1638.336808884538,-10475.545222371698,10884.98335203947
2001-07-23,13131.930555941764,-1626.864468470756,-10519.513090000173,10915.18056352955
2001-07-24,13155.087464269573,-1615.1353708159393,-10564.231990449165,10943.913925687524
2001-07-25,13176.900048938292,-1602.4584917156992,-10607.71750252229,10973.029347015377
2001-07-26,13198.580489033531,-1590.6566920204978,-10650.000781294313,11000.46046252791
2001-07-27,13218.816165602424,-1578.9013392370423,-10693.32163259488,11026.388362050573
2001-07-28,13238.867773993472,-1566.9214465031273,-10736.425997782417,11053.00700542943
2001-07-29,13259.327871095778,-1555.9333724344715,-10778.75161606824,11080.324290586927
2001-07-30,13280.03523593353,-1543.96628651572,-10822.827722353248,11107.328750814107
2001-07-31,13299.569766017938,-1530.2831306893522,-10867.97188464598,11133.507742723095
2001-08-01,13319.41653291707,-1515.2610946146292,-10913.809657287491,11160.104906424767
2001-08-02,13337.187656498045,-1498.6557395709262,-10958.426382924023,11187.484449606676
2001-08-03,13354.768043885557,-1482.4187247721627,-11004.206648910782,11215.80869637047
2001-08-04,13371.230092635358,-1467.4352747829241,-11049.607384822917,11242.77921198382
2001-08-05,13387.585945386629,-1452.0235190141586,-11092.964202304056,11270.360425879187
2001-08-06,13403.871538313208,-1437.014383525633,-11136.859943822568,11297.035195787388
2001-08-07,13418.531444835417,-1421.8857086262842,-11182.025336419454,11325.05821499725
2001-08-08,13433.790395234471,-1408.0107233008162,-11229.495750137587,11352.023831903225
2001-08-09,13448.771730364888,-1392.9232985786834,-11275.329944433868,11380.25333050446
2001-08-10,13462.170430315946,-1377.8374113033024,-11322.359379068748,11408.25830711659
2001-08-11,13475.479059277788,-1363.7341968740247,-11369.24762197808,11436.859294147207
2001-08-12,13489.088545479011,-1348.9068166507025,-11417.359869178164,11465.473301332444
2001-08-13,13503.087788153247,-1334.7782583519165,-11465.997665072644,11494.465917833522
2001-08-14,13517.648418565994,-1320.2926314762547,-11513.965645077675,11523.818780600555
2001-08-15,13534.587458222775,-1306.2673327501018,-11563.783200093942,11553.975839117364
2001-08-16,13551.270278115644,-1292.0321795934708,-11614.81716174742,11584.252061823569
2001-08-17,13567.30417777017,-1279.4491862303503,-11665.031179170575,11613.797269230297
2001-08-18,13582.343215898689,-1266.1826283857906,-11714.432734321015,11642.306741413144
2001-08-19,13596.590774039543,-1252.6109626427435,-11762.881490454454,11671.754980840631
2001-08-20,13612.01621371153,-1237.964245338038,-11811.811921503027,11699.411710160026
2001-08-21,13627.099580903141,-1223.431216111167,-11860.392018450426,11726.477380046446
2001-08-22,13643.521738230498,-1209.84679544206,-11910.060606014978,11752.336280433308
2001-08-23,13661.526787821884,-1196.0177197294713,-11960.040147489794,11780.431497825672
2001-08-24,13682.277809813444,-1182.4060469527767,-12009.886869417982,11808.000786756382
2001-08-25,13703.596298700846,-1168.7053497300792,-12060.20412249655,11836.177808632941
2001-08-26,13725.260019647601,-1156.255206016334,-12110.640346047507,11863.416156630803
2001-08-27,13746.727233091075,-1142.4573477118636,-12161.073535961208,11890.614835940436
2001-08-28,13767.401610948626,-1130.281265584035,-12212.197850506805,11919.241953455477
2001-08-29,13787.487878324662,-1118.7004483965904,-12260.826343185861,11944.951962474526
2001-08-30,13808.283503208751,-1106.614403915302,-12310.68411352619,11970.423556355216
2001-08-31,13829.569853287141,-1095.9618805173536,-12360.926023423573,11994.264240276863
2001-09-01,13850.228709549276,-1085.675335230125,-12410.254371354724,12017.616127366817
2001-09-02,13871.808591235691,-1075.1577760267123,-12459.529909370034,12039.8723583882
2001-09-03,13893.59699134388,-1064.2261689285654,-12508.646354555085,12062.432593930831
2001-09-04,13915.809085022145,-1053.722327486798,-12559.964358583356,12084.347987782285
2001-09-05,13937.832480653573,-1044.5284317908888,-12611.046001825069,12105.024618359525
2001-09-06,13960.675202283914,-1036.0151592766813,-12661.182984217505,12125.43560142914
2001-09-07,13983.049397067098,-1028.0300793001472,-12712.306409598397,12145.615929128764
2001-09-08,14005.627710256182,-1020.7250331414734,-12761.561041264316,12166.558149979508
2001-09-09,14025.997748613077,-1012.5093615488062,-12810.385478975264,12186.259192394242
2001-09-10,14045.287428365047,-1004.1457650509317,-12857.307551369684,12206.71371084993
2001-09-11,14065.717667921102,-996.5438249400189,-12904.949331061813,12225.97786183133
2001-09-12,14084.618323584275,-989.8454598341273,-12952.76891818102,12246.232384920617
2001-09-13,14104.865564758562,-979.5189608682399,-13000.489916614655,12266.553350720424
2001-09-14,14122.517185137667,-968.7560212076767,-13047.698376179536,12287.284772624584
2001-09-15,14139.750623162938,-956.2461701258828,-13095.954416568835,12308.509665326263
2001-09-16,14156.432815852528,-942.9673620601619,-13142.822773097596,12331.283313913118
2001-09-17,14173.932809472582,-931.1759569714388,-13189.977571360581,12355.387024043675
2001-09-18,14192.774851783075,-919.2041748102862,-13238.235384557503,12378.394124446075
2001-09-19,14211.4897826945,-907.4030146196739,-13287.305083630834,12401.30966039213
2001-09-20,14230.332563398006,-895.4885263962603,-13335.446423153748,12423.227128842933
2001-09-21,14251.773777196631,-884.2230834997587,-13382.93169178209,12444.156556975902
2001-09-22,14272.086342350558,-872.5711247312457,-13429.478204140316,12464.708330136531
2001-09-23,14291.764112949997,-860.4068155640042,-13476.209744247592,12484.625747961534
2001-09-24,14313.492677156115,-846.3394220009428,-13524.12859145738,12503.983638672576
2001-09-25,14335.88470461392,-831.540958115881,-13571.475274237037,12523.470325275992
2001-09-26,14358.013295620545,-817.326288368201,-13618.206780227476,12542.83482783373
2001-09-27,14380.300170577355,-803.5459467672772,-13665.454244689834,12562.448637786858
2001-09-28,14401.870820342225,-791.4261526889418,-13712.620245084001,12581.882924604035
2001-09-29,14422.894666675156,-779.7990197297581,-13758.973541311125,12600.268166562688
2001-09-30,14445.0291630241,-769.7815399844624,-13805.961746701776,12618.262209186178
2001-10-01,14466.851922519732,-759.3933749580973,-13853.21990600493,12637.609606881895
2001-10-02,14487.134967943253,-749.3971123898096,-13901.622761192697,12656.272642108057
2001-10-03,14507.808220170322,-739.4669490568743,-13950.179330429179,12674.118651020975
2001-10-04,14527.217068730495,-729.097516141468,-13998.955337820027,12690.257543541884
2001-10-05,14547.053329715553,-719.3568060635465,-14048.012475262181,12708.08439316781
2001-10-06,14568.638798453287,-710.6883371558056,-14097.363299856526,12724.593865425097
2001-10-07,14592.079378459197,-702.8004239561324,-14149.085580576226,12741.824821744263
2001-10-08,14614.93103153126,-694.5592883496319,-14201.577540727034,12758.17502327167
2001-10-09,14637.3083256618,-687.1165145706073,-14252.686936449913,12774.753480494323
2001-10-10,14659.374532975107,-680.543863303312,-14303.171024736013,12793.282495003174
2001-10-11,14680.533263798789,-674.2036826211894,-14355.46521639931,12810.661558682224
2001-10-12,14700.097839992926,-666.7914770382761,-14406.018576749895,12828.41793800163
2001-10-13,14719.860757766319,-659.2424194865317,-14456.674115219377,12847.193645602727
2001-10-14,14737.37927794135,-651.8406131309933,-14505.345397432027,12865.646177215414
2001-10-15,14755.489847611634,-644.7184132172522,-14553.318141696625,12883.417977551922
2001-10-16,14771.867545631096,-637.1783591192703,-14602.740408559055,12903.259566175562
2001-10-17,14787.837844810447,-630.7918704484281,-14652.0619857546,12925.953071347469
2001-10-18,14806.213344628859,-625.9070124600653,-14703.24757109114,12947.979783207122
2001-10-19,14825.510903708002,-621.8339867359584,-14754.564269766022,12970.828323844573
2001-10-20,14845.351806762508,-617.2422491481697,-14807.354674779208,12994.670295363536
2001-10-21,14865.106691770196,-611.3831837389979,-14860.798701978612,13018.587616499239
2001-10-22,14885.473164440178,-605.8507384005237,-14914.188603106366,13044.101059492115
2001-10-23,14906.454527164895,-600.1013394399297,-14966.39842017331,13067.984360165
2001-10-24,14927.140540841056,-595.9941644128202,-15018.04331990278,13093.674570270676
2001-10-25,14948.15134587911,-592.8206210220127,-15070.138223215938,13118.87168266743
2001-10-26,14968.579775330709,-590.3112153581384,-15120.874971470963,13142.719720533536
2001-10-27,14990.453707697669,-587.7028601998844,-15169.692779721563,13165.338385358913
2001-10-28,15013.048731500261,-585.2120464024158,-15218.384088614963,13188.62772075218
2001-10-29,15036.220507418966,-582.8538537284222,-15267.918214703428,13211.911973679426
2001-10-30,15060.294735574542,-580.9825735354497,-15317.960914390334,13234.946596208405
2001-10-31,15082.884818052833,-577.9434061113444,-15369.865065907783,13257.373085850768
2001-11-01,15105.770295671759,-573.0436575235691,-15421.005395767581,13280.099098418541
2001-11-02,15127.580469915738,-568.0539382384942,-15470.978150192466,13303.453847977713
2001-11-03,15149.723076011574,-563.4709591709286,-15520.573541637707,13327.250179558045
2001-11-04,15171.6417726229,-559.2143505353192,-15570.147367055999,13352.550108840798
2001-11-05,15194.84897875329,-554.3621041540429,-15619.349496977904,13376.900753672538
2001-11-06,15218.139380597351,-549.1747403870982,-15668.655312025976,13401.952311331424
2001-11-07,15242.838464097473,-545.0275757053079,-15718.308281354119,13427.349147234092
2001-11-08,15268.051784630718,-541.0477253119255,-15768.429231710497,13453.909868420413
2001-11-09,15293.403925904697,-537.3155054846515,-15818.624697537027,13480.18244605637
2001-11-10,15317.487455400968,-534.2580642621705,-15869.670256951724,13504.427931860275
2001-11-11,15340.355760979113,-531.2753514233746,-15921.747232230562,13528.529751527903
2001-11-12,15363.063721886616,-527.8208900090358,-15974.753572166643,13553.181723727152
2001-11-13,15384.836809366758,-523.7630833926019,-16028.312914920401,13578.4118795407
2001-11-14,15405.46678236562,-519.5136498726923,-16081.460041393664,13604.644265766823
2001-11-15,15425.787407143545,-515.9126307238389,-16133.93447249035,13629.544663894298
2001-11-16,15447.4038964827,-511.5195622883608,-16186.387092728024,13653.750732686452
2001-11-17,15469.522460530798,-505.7405394492921,-16236.500948650673,13676.731407303827
2001-11-18,15493.017244901148,-500.7647739403981,-16286.969507508902,13699.24282938255
2001-11-19,15515.209093068737,-497.3563603043117,-16337.12996316876,13721.898120526472
2001-11-20,15537.401111976009,-493.38508382985106,-16385.46912189306,13745.697148365753
2001-11-21,15560.391147578968,-489.4797702230025,-16432.696405327657,13767.69780891989
2001-11-22,15585.239220879717,-485.8405835646966,-16479.92792132185,13791.296918682068
2001-11-23,15611.511058798304,-482.2538098254248,-16525.83895433408,13816.846654926434
2001-11-24,15636.593024896501,-478.58838135067697,-16571.6488604914,13842.724080821707
2001-11-25,15662.38892574499,-475.5082880844891,-16618.28615589951,13867.449103862458
2001-11-26,15688.753451555978,-472.9474984954812,-16664.10900817418,13890.316747204233
2001-11-27,15713.999223706303,-470.95396400378996,-16710.137205748084,13912.120476836002
2001-11-28,15738.35984952197,-467.5134076406648,-16756.293262578216,13933.049675788627
2001-11-29,15762.466193925953,-464.6187320351768,-16803.20518365249,13955.022017906333
2001-11-30,15786.997036122933,-462.09503009292064,-16848.061905649916,13978.251379997282
2001-12-01,15811.669335174765,-459.47262700460504,-16892.85014596595,14002.877971429118
2001-12-02,15836.827872682634,-458.7027108981154,-16939.09412780938,14027.296513507556
2001-12-03,15862.763763734,-458.39631936094713,-16983.051283979545,14052.657870284047
2001-12-04,15890.063543234792,-457.3435964320822,-17026.48655959985,14078.107748205832
2001-12-05,15916.825013649806,-457.1092258813597,-17068.78005287373,14104.163590402135
2001-12-06,15943.187073079851,-458.2084972325417,-17110.139735436896,14128.230019261075
2001-12-07,15969.491082999206,-458.7389265253652,-17150.323805672793,14153.163513319774
2001-12-08,15994.838402056152,-459.21720986841683,-17191.405044410443,14179.534976123616
2001-12-09,16020.949107742425,-458.59948425313945,-17233.000940190348,14205.015030432418
2001-12-10,16047.9808553801,-457.89559381588344,-17274.88885500276,14230.134877168157
2001-12-11,16075.888858785422,-456.0424425395206,-17316.490059687334,14254.571625123679
2001-12-12,16103.934892587873,-454.571374563756,-17357.047732816853,14279.144295391912
2001-12-13,16131.368708579097,-451.95881805542797,-17398.87762652131,14302.28268153175
2001-12-14,16159.254954731112,-450.16462200260366,-17441.394892090248,14325.180666648632
2001-12-15,16186.505473293784,-449.4713342802943,-17484.927317005855,14345.742369296351
2001-12-16,16213.3578805075,-448.5273749889865,-17528.88619296978,14365.592971428672
2001-12-17,16241.018017552411,-448.2375623355003,-17574.211216825526,14384.843688378869
2001-12-18,16268.868266455025,-450.4070351581346,-17620.30837089313,14403.085898436766
2001-12-19,16297.786773417278,-452.5819229820159,-17665.654827680577,14422.466583220976
2001-12-20,16325.96020540734,-453.1662618116715,-17711.145884784793,14440.292904669526
2001-12-21,16353.989232184213,-453.0950368435867,-17757.122869334093,14459.128432697515
2001-12-22,16382.342623712604,-451.50824847489224,-17804.12510963177,14477.403351790723
2001-12-23,16409.891224898627,-450.83129952003327,-17850.447565947525,14495.891049807175
2001-12-24,16436.933458117524,-450.55803593626604,-17896.385796240073,14514.227326493386
2001-12-25,16463.515911287795,-449.7161853695775,-17942.50920020251,14531.546148554009
2001-12-26,16489.873850359185,-448.1534779434574,-17987.433475525402,14549.440559096589
2001-12-27,16516.889076357125,-448.54716972244,-18031.788770666837,14568.191984964431
2001-12-28,16544.091882382374,-448.11458400432525,-18075.34367364628,14588.046317915321
2001-12-29,16569.38727042478,-445.68855050481704,-18119.02450477844,14608.599926259623
2001-12-30,16595.695707474035,-442.8662968639548,-18163.009561258845,14628.996563819985
2001-12-31,16622.43216181897,-439.1924432865646,-18209.075719674158,14651.17262513228
2002-01-01,16650.583045868647,-436.7931418358634,-18254.29438271837,14673.79620927147
2002-01-02,16679.424647262196,-434.32137559167285,-18299.10743232953,14696.426678095002
2002-01-03,16708.545598482422,-432.4153105441608,-18343.37225397196,14718.66991749837
2002-01-04,16735.198588817264,-428.95437148803927,-18388.217081145835,14741.725524537118
2002-01-05,16762.736495534038,-425.59390543703023,-18433.78415306816,14765.307701762124
2002-01-06,16789.192302512158,-422.947308352673,-18477.790489615723,14788.755437750397
2002-01-07,16815.887602961895,-418.79643715066805,-18521.694515285875,14812.387957454144
2002-01-08,16842.290408791145,-414.6527859420135,-18567.280558519997,14834.66920315079
2002-01-09,16868.873447905415,-410.5672000302321,-18613.82884751013,14857.340835455812
2002-01-10,16895.332873392515,-406.71829143231736,-18660.265756109264,14879.002140230372
2002-01-11,16923.063802427376,-402.26312792363666,-18707.75636413188,14899.731404272627
2002-01-12,16950.199558562847,-396.91237673622584,-18753.799686661387,14919.015326873712
2002-01-13,16978.886275617497,-391.1000170314294,-18800.23803721822,14936.625879083378
2002-01-14,17006.36056423713,-385.08669518868606,-18848.160142641154,14953.756629685318
2002-01-15,17033.701734956645,-378.64632378847494,-18896.346642491593,14970.12570134872
2002-01-16,17060.24105152939,-372.4971536396431,-18945.899262584768,14987.556272360503
2002-01-17,17088.423151548854,-367.4127038717707,-18994.24880438128,15004.61388222915
2002-01-18,17117.827716940148,-363.22634813030385,-19042.988744164824,15022.023588314201
2002-01-19,17147.307480337124,-359.57761769832825,-19091.908153596436,15039.024562772493
2002-01-20,17175.69555993152,-356.306449669352,-19140.11532762801,15057.038034007071
2002-01-21,17204.142034452943,-354.1796274295071,-19190.20691409114,15074.255133219825
2002-01-22,17233.135490713434,-351.78815153307414,-19239.99596314541,15092.12754898948
2002-01-23,17260.594136203046,-350.94209701265214,-19289.775383646513,15110.110319111018
2002-01-24,17288.93420142324,-350.18887405545274,-19338.040751202778,15128.040400001231
2002-01-25,17317.953583666178,-349.3335120004372,-19387.42168093665,15144.955358913083
2002-01-26,17347.75984297861,-349.3445674513732,-19436.982886495694,15162.883548147967
2002-01-27,17376.89388932913,-349.0192459235708,-19486.168460833585,15180.863674171129
2002-01-28,17405.71847090829,-349.42200751612927,-19535.668807766488,15198.593542659628
2002-01-29,17433.098198083444,-350.6812579541596,-19584.539576055933,15215.434836111694
2002-01-30,17460.044397595553,-351.48793821013896,-19633.49808514723,15233.203147770646
2002-01-31,17485.686627013874,-349.86796829873504,-19681.08632842902,15250.311382006643
2002-02-01,17510.491310513644,-348.40624159045603,-19728.618035570456,15267.59171181841
2002-02-02,17536.079415294214,-345.55663600639434,-19775.533662157974,15286.340319208004
2002-02-03,17563.601724821918,-344.3409747417973,-19820.93934085363,15303.762522662693
2002-02-04,17590.479299491202,-342.24057939708797,-19865.952448868982,15320.717787693162
2002-02-05,17617.122880036848,-340.0341501291139,-19910.061506706617,15335.502730974074
2002-02-06,17645.787629305356,-336.54156717726795,-19954.89241628873,15351.077101533665
2002-02-07,17675.87208198888,-332.9242042596524,-19999.77175555717,15367.402950048297
2002-02-08,17706.314719726874,-327.9724228258887,-20045.1117613484,15384.745798520118
2002-02-09,17736.85639239838,-323.5470593104426,-20091.00192209921,15402.741367590497
2002-02-10,17767.3470679244,-318.31286074394717,-20136.84724172087,15421.492299532212
2002-02-11,17798.344721069076,-312.83413026634184,-20181.752883465295,15439.811783466945
2002-02-12,17830.15007087024,-308.314627168163,-20227.88020406627,15457.385659137582
2002-02-13,17860.41735376448,-303.9845273853276,-20274.59495949624,15475.554705319906
2002-02-14,17891.327641543747,-298.96186989492327,-20322.165187522252,15491.84140011151
2002-02-15,17920.90354810286,-294.3360785081339,-20369.190682293738,15509.450861076702
2002-02-16,17950.347593005506,-289.5091278238182,-20415.44476852754,15528.91133175769
2002-02-17,17981.606781985356,-282.7221081610887,-20462.07367767676,15546.911774601405
2002-02-18,18013.665936756297,-277.78236442007886,-20509.35007887398,15565.15733072937
2002-02-19,18046.555903833992,-272.4984048911061,-20557.24930191202,15584.699438912297
2002-02-20,18080.09182333779,-267.0272189507456,-20605.052618747133,15603.463581395876
2002-02-21,18114.71595357884,-261.8308616311257,-20652.57868349983,15619.989560426731
2002-02-22,18148.7344512037,-256.4781377347901,-20700.344671988445,15636.349266361181
2002-02-23,18182.535130783242,-250.61154967281837,-20745.897397118002,15651.113840121196
2002-02-24,18215.913074086955,-244.21444587129645,-20792.223072876594,15665.323484447163
2002-02-25,18249.209578391314,-238.2174572391641,-20839.618851554445,15680.236603002271
2002-02-26,18283.86579860885,-231.02859647342754,-20887.51748240875,15695.785095330646
2002-02-27,18319.63555535628,-223.42285203169504,-20935.74918575912,15710.064494591525
2002-02-28,18356.51988542925,-215.27853170133082,-20984.153274900178,15723.919932360059
2002-03-01,18393.54910928521,-207.57671044692984,-21031.446454252575,15736.451405107608
2002-03-02,18430.900114824308,-200.1106264597219,-21079.6733202596,15747.995446926567
2002-03-03,18468.135944314985,-192.09906283758264,-21128.505993796105,15758.81336967456
2002-03-04,18505.529202251273,-183.89906894065035,-21177.766938541055,15769.400856673825
2002-03-05,18541.369523466783,-177.14474587086394,-21226.79929520502,15780.124719712077
2002-03-06,18576.836954131923,-171.014251990608,-21276.094276400578,15791.17219403901
2002-03-07,18611.469260375412,-164.84766929756088,-21325.469442473073,15800.32061137327
2002-03-08,18646.46838662915,-158.76205523150122,-21374.107641549144,15809.823623280117
2002-03-09,18679.99064598214,-151.5547475469533,-21422.083392834105,15819.696336247212
2002-03-10,18713.455277112167,-143.73298658047014,-21469.754971292317,15829.839886107153
2002-03-11,18747.923592563413,-134.6746304746573,-21517.93898700481,15841.146656220417
2002-03-12,18784.648008210886,-124.2393228538817,-21567.71612173976,15852.433574482142
2002-03-13,18821.50218536402,-113.84834574263574,-21616.02967708046,15864.453222342443
2002-03-14,18856.77079429357,-103.36442670474993,-21665.319842138433,15875.48100184104
2002-03-15,18892.11112658693,-91.83183732053962,-21712.937346422106,15887.070846376091
2002-03-16,18927.213001546137,-80.30154643403326,-21761.121282881162,15899.983959545863
2002-03-17,18962.533891944306,-68.7786462785685,-21809.325796269928,15913.528594152556
2002-03-18,18996.2555616136,-59.743590575367094,-21857.081304730706,15927.434738673786
2002-03-19,19031.31623665312,-51.020993204658325,-21905.56188768331,15938.09823219287
2002-03-20,19065.653017055047,-43.459419952798385,-21953.807323092034,15947.456568679332
2002-03-21,19100.984700925692,-36.16274388308727,-22003.102156357094,15957.221707462433
2002-03-22,19136.04305893604,-28.49004490752536,-22053.067976826165,15968.007714659849
2002-03-23,19170.902493308895,-21.678380884924508,-22103.735694234558,15978.697633397196
2002-03-24,19205.09880709384,-16.04798839587713,-22154.052621732684,15989.755876199704
2002-03-25,19239.69754551652,-11.732574209993395,-22204.87231219494,15999.891681404351
2002-03-26,19273.751828282726,-8.382797179574304,-22256.38093837167,16009.138715765199
2002-03-27,19306.30688370355,-5.5448665226627964,-22307.548984695717,16017.240887068223
2002-03-28,19339.382525604506,-1.6961303049545204,-22359.57227033914,16026.546847675674
2002-03-29,19371.816721129864,1.4015884621215848,-22411.457036036107,16036.405793678932
2002-03-30,19404.747260658063,4.394749953612903,-22463.575997313477,16046.618751991151
2002-03-31,19438.59768136376,7.309267160930478,-22516.387013460746,16056.253666119796
2002-04-01,19472.31769893206,9.234765634452625,-22569.010900166308,16066.144703008122
2002-04-02,19505.25892228399,11.272460504150342,-22621.563501643224,16075.361917277653
2002-04-03,19539.93304490776,12.986014940776867,-22672.44235674105,16084.39601918762
2002-04-04,19574.515129904703,13.843057995800168,-22724.3681666435,16095.019799081902
2002-04-05,19607.83117897575,15.321677072237346,-22776.476997008293,16103.836218854309
2002-04-06,19640.89680201967,17.325290258268545,-22830.87783788699,16111.949099563584
2002-04-07,19674.268419182878,18.882543978770848,-22885.4354517889,16118.672606048704
2002-04-08,19706.7394718587,21.644363548123547,-22940.19475879575,16124.931773029248
2002-04-09,19739.58557573863,24.970350728099547,-22996.24885077489,16130.323356657313
2002-04-10,19772.987773618028,28.498503171491766,-23052.042578857378,16136.654128993117
2002-04-11,19804.997645106418,32.54813800102869,-23107.231291835025,16142.585709948302
2002-04-12,19835.501748377712,36.41045140622174,-23161.987995118612,16148.251433177786
2002-04-13,19864.398128398512,39.20402699144292,-23216.939816398968,16154.053730303782
2002-04-14,19894.204902687507,42.49499227945131,-23271.32296449361,16161.077236736122
2002-04-15,19923.893138392817,46.37475997316736,-23325.518246637803,16168.819899158934
2002-04-16,19954.618259354043,50.41321276208607,-23380.559141673988,16176.342251563487
2002-04-17,19985.416702944927,52.48795463622733,-23435.474214806934,16183.113169753584
2002-04-18,20015.975461712365,54.18532309550064,-23491.393222353174,16189.506881774143
2002-04-19,20046.757170127825,55.21024765955064,-23545.803776546265,16193.974587295656
2002-04-20,20077.96335127432,56.60473052621841,-23598.451973614727,16196.955782923398
2002-04-21,20107.856583425222,58.65591338336358,-23650.43523316211,16199.37773574175
2002-04-22,20138.807213075088,60.66208817203517,-23700.610760942694,16200.937053832899
2002-04-23,20169.02380664395,63.892884465275266,-23751.492996700454,16202.052544753626
2002-04-24,20196.15656426829,66.9875973947426,-23803.13999068714,16204.22832968401
2002-04-25,20222.204772106474,70.81603327462535,-23856.03714055184,16207.12496293355
2002-04-26,20248.275752142512,74.24461463795691,-23909.288100667036,16209.801414377614
2002-04-27,20273.31910246342,77.09057895286992,-23960.57835228762,16212.408661519848
2002-04-28,20298.986449831857,79.71615680424352,-24011.477005760407,16214.965192450023
2002-04-29,20323.811569673457,81.32549876413604,-24062.1849789221,16218.40718330713
2002-04-30,20348.043248137692,81.46102744232357,-24113.972494178233,16221.207274443012
2002-05-01,20370.7503918093,82.76510975599825,-24165.833331669433,16224.33827323667
2002-05-02,20392.088705836533,84.9438996698388,-24215.991673717897,16228.023017985799
2002-05-03,20412.497107703264,87.12284352727292,-24266.36092589902,16230.031656868241
2002-05-04,20433.881051250377,89.84816159592512,-24316.396450234126,16232.691188840214
2002-05-05,20454.422979751507,93.98320225441665,-24366.770212730902,16233.977754657872
2002-05-06,20475.45644641578,99.3402802007291,-24417.085660957953,16234.38456575209
2002-05-07,20496.913455324946,103.78582754032468,-24465.699208350787,16233.700934291624
2002-05-08,20519.93411053198,107.80577323882562,-24514.340045665132,16232.504108660427
2002-05-09,20543.36322355887,111.99897702223022,-24562.74196857678,16230.612868902728
2002-05-10,20566.678117683947,117.16911891113848,-24612.49379628198,16228.299314957438
2002-05-11,20590.36144307912,123.73275616120202,-24662.550010537736,16227.878860462355
2002-05-12,20613.087353880957,130.25864108880654,-24710.572260331002,16228.515388013428
2002-05-13,20634.098321186662,136.20796815684332,-24758.547308152156,16228.547188739194
2002-05-14,20657.75984761382,142.14529792879443,-24805.36561491604,16227.267088227147
2002-05-15,20681.09460227138,148.14974560024527,-24852.82104797477,16227.511346330128
2002-05-16,20704.21336768314,154.99164057627533,-24900.79527894952,16227.637006615436
2002-05-17,20729.153845504625,162.0910418457048,-24950.28810176316,16227.122286745667
2002-05-18,20755.356271180783,167.78473412733567,-24997.990326259536,16226.114764100947
2002-05-19,20780.299233986596,174.50612843264983,-25044.680902332268,16224.798771590718
2002-05-20,20805.09686575945,181.83387610115977,-25090.957403258282,16224.378965053163
2002-05-21,20829.83695792574,188.8491364887287,-25137.63590840958,16223.69231191825
2002-05-22,20855.406725923604,195.23608077309603,-25183.925869753217,16224.090999276204
2002-05-23,20879.842186182013,202.06592159347971,-25229.877634315228,16223.35117379488
2002-05-24,20907.00385565562,207.73540602767451,-25276.158230510122,16222.401321914736
2002-05-25,20934.05806412275,211.61645263506009,-25321.10853362247,16219.248989934433
2002-05-26,20961.974223078494,215.83950287094484,-25366.727246594575,16216.549240464912
2002-05-27,20990.32574294546,221.46067338524972,-25413.100935076454,16213.568947434063
2002-05-28,21017.94126761012,228.09660112168856,-25461.502840078658,16212.845388137826
2002-05-29,21047.351589660586,234.6052715155589,-25509.6239490461,16212.396857606496
2002-05-30,21075.619027148605,242.79530132251784,-25556.303125575032,16211.733845142573
2002-05-31,21102.979323765747,251.18785565206602,-25603.571015677237,16212.853558351031
2002-06-01,21130.918773711925,258.98503865025447,-25651.8627035851,16213.762465373802
2002-06-02,21158.787136913706,266.5750995261828,-25698.962411428896,16213.905113941884
2002-06-03,21184.885040307363,272.7575769526209,-25746.465295682687,16214.630118781304
2002-06-04,21209.849673551937,279.6264279607594,-25794.1520634344,16215.086566080257
2002-06-05,21235.172312825132,285.53724404786846,-25842.437572871062,16217.552084631696
2002-06-06,21260.28359222939,289.2797175040829,-25890.909773611427,16218.450916346717
2002-06-07,21283.5222806292,294.13313935301454,-25940.54926844957,16220.135724291606
2002-06-08,21306.152726162687,300.4076777885377,-25990.756482488363,16221.395227203318
2002-06-09,21329.924327410947,305.43660831235775,-26040.651453990802,16222.641171414236
2002-06-10,21353.050645821102,310.75329104645306,-26090.78231831045,16225.628858491275
2002-06-11,21376.99631521682,316.937443973289,-26140.10455875011,16228.897534203577
2002-06-12,21402.38950121195,321.5047107077385,-26188.47420121506,16230.760861120254
2002-06-13,21428.641642912804,324.6360218546406,-26235.83384344768,16232.498527992839
2002-06-14,21455.508027622418,328.5183080057382,-26283.41972460577,16235.39418376901
2002-06-15,21483.57025285752,330.4328235778447,-26330.716228734607,16238.568393356423
2002-06-16,21511.72777765641,331.7249735258082,-26377.807469278778,16241.417755263226
2002-06-17,21539.72643304333,330.9644652120225,-26424.23252564494,16244.819934217065
2002-06-18,21568.466500367456,330.1950670807286,-26470.413110753212,16248.961615841845
2002-06-19,21597.513463488154,329.3918264869752,-26517.75500276348,16253.017322127558
2002-06-20,21627.859915463017,329.1280778047459,-26565.166340285374,16257.431618284098
2002-06-21,21656.832175848263,328.0228675493149,-26612.422486349882,16261.019759965086
2002-06-22,21686.559438203516,327.13140878125523,-26660.43272000729,16265.582945313836
2002-06-23,21715.096637595307,326.2535201310109,-26708.21864876289,16269.421202852967
2002-06-24,21743.145466533253,325.60671200187255,-26756.602419392253,16272.504149133303
2002-06-25,21770.47380449011,325.65785698617674,-26803.797418464856,16274.28476014179
2002-06-26,21797.374236305095,325.842240680112,-26850.06108990672,16275.731094150888
2002-06-27,21825.682282016653,324.74196161295794,-26897.174504918836,16277.72903988938
2002-06-28,21852.661845130955,325.2957959321176,-26944.81476337374,16280.43111928362
2002-06-29,21878.411572616893,326.0177642703919,-26992.047588764915,16283.932077549689
2002-06-30,21904.762631187106,326.520737197929,-27039.844157588715,16287.21149391153
2002-07-01,21930.414385489563,327.9110557580868,-27085.85543781531,16290.523536977567
2002-07-02,21952.622815946146,329.90298556220597,-27131.780572604264,16294.537560120181
2002-07-03,21974.60782965932,333.0379489567804,-27177.251652016203,16298.79099825727
2002-07-04,21997.367029969624,335.84171750711874,-27221.424907675137,16302.437538986393
2002-07-05,22018.659276668255,337.86174484900897,-27265.028800822547,16306.121559167279
2002-07-06,22041.500247134805,338.56819890524855,-27308.11579720717,16310.106779436881
2002-07-07,22064.580499868098,338.8597735839226,-27350.77646257432,16313.71503532718
2002-07-08,22088.480241613182,338.98362051065743,-27392.56214575575,16316.776167108823
2002-07-09,22113.30121681348,337.89810436948216,-27434.13705702795,16319.239403591633
2002-07-10,22137.899378940827,337.0908963437744,-27476.33552699668,16323.153747153243
2002-07-11,22161.34242419089,338.0206862839954,-27517.96890233663,16325.034581146132
2002-07-12,22186.17413587045,338.8773134970403,-27560.128634312186,16328.285562109175
2002-07-13,22210.653476934127,340.5854454336784,-27601.6922694986,16330.766220238529
2002-07-14,22234.629773872974,342.57834102415876,-27643.55249915988,16333.718432385858
2002-07-15,22257.88441072116,345.7052881999924,-27685.614976371173,16335.460228498834
2002-07-16,22280.124668342083,349.6021640757186,-27730.433479209572,16338.273466615121
2002-07-17,22302.24615001096,354.12735785169076,-27776.059185359456,16338.965657282586
2002-07-18,22325.52540616524,358.27115756710845,-27821.07801936861,16340.061576366179
2002-07-19,22348.48706245371,361.85120047902853,-27866.679932325682,16341.780243467472
2002-07-20,22370.408511396003,366.1638640851502,-27913.82932763959,16344.625224005707
2002-07-21,22391.49202884822,369.70932634198164,-27961.096547234,16345.813531525497
2002-07-22,22414.78436079268,373.19933662888786,-28008.364056588027,16347.565817266077
2002-07-23,22437.44129152598,378.05070626518346,-28053.667726900614,16351.316677122622
2002-07-24,22459.280430238126,382.1414702925417,-28099.327064194986,16355.715021079784
2002-07-25,22482.135548998256,386.40245011855205,-28146.314263754448,16360.382228132208
2002-07-26,22503.348520134907,389.73997462710355,-28195.04626813838,16363.929120037717
2002-07-27,22524.588825056682,392.2364922041193,-28242.478792756432,16367.775968539969
2002-07-28,22547.53179025123,394.50795981396163,-28290.09796740837,16370.43925082924
2002-07-29,22568.383095582612,395.9561098929298,-28337.45517259314,16373.20689714783
2002-07-30,22590.919534622586,397.97832542369775,-28385.220078691586,16377.600865379385
2002-07-31,22610.81765533814,401.32117239825413,-28431.528220967182,16381.707617039674
2002-08-01,22630.77645054221,405.85143292200297,-28476.460917730303,16385.50258866585
2002-08-02,22650.3503187287,410.00609475676106,-28521.50745327932,16388.743405480083
2002-08-03,22669.760915842195,414.3964715373383,-28565.950347596045,16391.56725625459
2002-08-04,22689.634730762347,419.8481607025903,-28610.24259985059,16395.900511515916
2002-08-05,22710.651855981225,424.9703162622366,-28654.121606635734,16399.70073662797
2002-08-06,22731.279175652606,430.0705423732333,-28698.542371811185,16403.519715260558
2002-08-07,22752.28904221196,435.1170919103383,-28743.48720972077,16405.865358014045
2002-08-08,22772.61845656279,439.10235027455695,-28786.836550172164,16408.781938087657
2002-08-09,22792.749168711864,442.2665116092727,-28829.1145713096,16410.802824869937
2002-08-10,22813.18268731977,446.33909083657,-28870.938880443853,16412.870968595023
2002-08-11,22834.509225010235,451.1179439626983,-28913.876118012795,16414.03008824058
2002-08-12,22854.309149944373,455.6053267522059,-28957.452933821212,16415.769028553354
2002-08-13,22874.009340747645,459.96036606493226,-29001.55624269488,16418.06969237983
2002-08-14,22893.866100449904,464.6705973768184,-29045.367008931393,16421.30959095263
2002-08-15,22915.50806835982,470.31359453627385,-29087.769501584244,16424.78617370257
2002-08-16,22935.29438764516,474.85906790510256,-29129.969760957803,16427.825941732524
2002-08-17,22955.41017473588,478.58701616920456,-29171.165672159896,16431.95022830949
2002-08-18,22973.492540452833,482.59917229515037,-29212.129185599348,16435.59265111397
2002-08-19,22993.65198760718,486.61612578229614,-29252.20640939121,16437.912433011243
2002-08-20,23012.163110354377,491.5335713615605,-29293.16190867181,16439.686532300166
2002-08-21,23031.340940406313,494.3100299357763,-29334.008717275534,16439.51306783669
2002-08-22,23049.99816570482,497.14136386804734,-29376.747412160377,16439.341151051307
2002-08-23,23068.69018655562,500.03509992968577,-29418.22559240641,16441.390241387737
2002-08-24,23087.565688262643,502.97275568379615,-29460.601678516312,16442.243812021272
2002-08-25,23106.978319671154,506.85683514737264,-29502.220859333996,16444.541736056068
2002-08-26,23128.030726805646,511.30707442536607,-29545.263184801675,16446.482516723463
2002-08-27,23148.87248111856,516.2964772681131,-29588.42771328174,16449.812457236087
2002-08-28,23169.48785397974,521.8035274169166,-29632.169008997564,16452.223145039767
2002-08-29,23189.944718155537,526.9176631013526,-29675.63206557309,16454.075700165376
2002-08-30,23210.487556409345,531.5713062853852,-29718.429424350892,16455.90153929781
2002-08-31,23233.12402065638,537.2949031145583,-29760.752214407894,16458.37298728887
2002-09-01,23253.73624918721,543.1216348827753,-29803.393834548973,16461.804878269853
2002-09-02,23273.714802185004,548.1729758138913,-29845.328046444618,16464.213892074804
2002-09-03,23294.451474939277,553.0994321409204,-29889.54580160254,16466.372867524846
2002-09-04,23315.024984205545,558.9227798355482,-29936.827875045918,16470.061704092375
2002-09-05,23335.396321818876,564.026197740045,-29984.000742010794,16473.773133500446
2002-09-06,23356.337456834444,569.084429623436,-30030.72306114169,16476.139658504817
2002-09-07,23377.176047716323,575.5597326716827,-30077.285235731346,16477.650994093365
2002-09-08,23399.368884013158,580.1151769574598,-30122.45293092073,16480.176440772175
2002-09-09,23422.475913166705,584.742201919926,-30167.895164287493,16484.14625811115
2002-09-10,23445.11951023692,589.689294087496,-30213.882171206555,16489.17740372049
2002-09-11,23468.242336718966,594.6686514328034,-30261.592988428652,16493.75287384242
2002-09-12,23490.691828735788,598.8707484656904,-30309.030514524507,16497.72695744125
2002-09-13,23511.563319031782,602.5914667314166,-30355.455740553858,16502.729621497852
2002-09-14,23532.92996318242,607.6768646091762,-30402.19645687128,16509.316419150735
2002-09-15,23553.505045959704,613.749444829044,-30447.239662968776,16515.50335093971
2002-09-16,23574.442170963568,620.8284794400447,-30492.056909985105,16521.220373843382
2002-09-17,23594.69522327836,628.5635485851137,-30535.62608501362,16525.927070775662
2002-09-18,23614.69558632972,637.0034126144701,-30579.112772397424,16529.691413040324
2002-09-19,23635.329458623186,644.9603334709575,-30623.015394613813,16534.619300471626
2002-09-20,23653.893907943333,653.3178788777984,-30666.765140854815,16537.34771309808
2002-09-21,23672.045801022763,661.0095218420754,-30709.840733878184,16538.73810564799
2002-09-22,23690.605050785944,669.6894539003636,-30752.544164792416,16540.636683367356
2002-09-23,23709.081400895913,676.8653398517347,-30794.657916497035,16543.047945557642
2002-09-24,23727.075897251092,682.0411543194476,-30835.719610422664,16547.444201890525
2002-09-25,23744.25498042781,688.1709933335829,-30876.00345174715,16551.68481338243
2002-09-26,23760.932842205166,693.0601787186849,-30917.132532266838,16556.81858530215
